Workbook

Sheet Summary
A1: Orion Systems people list, deduplicated
A3: This is the single people list for the Orion Systems account. Duplicates removed by profile link and by name. Pulled by 6th agents on 29 October 2026.
A4: No rows were removed before this list.
A5: No one was excluded by title (security, IT compliance, IT audit or privacy).
A6: Seniority rule: Director and above, Head, and Senior Manager. People below that level are kept only when the title names a platform or technology, because they confirm what is in use. Filter Meets seniority rule to Yes for the target list.
A7: Titles are self reported on public profiles and are not verified. Level, lane and priority are our judgment from the title alone (A: owns or runs a lane platform, its data or its program, or is the executive the lane reports to; B: senior and relevant; C: senior but outside the lanes). Correct them in the People sheet and the counts below update. Former SI and consulting employers come from the full profiles and cover any point in a career.
A8: Entity labels: people of a business that Orion Systems has sold or combined with another company may still show Orion Systems as employer; check before outreach.
A11: Level | B11: People | C11: Priority A
A12: C-level, EVP and SVP | B12: =COUNTIF(People!$D$2:$D$2,A12) | C12: =COUNTIFS(People!$D$2:$D$2,A12,People!$G$2:$G$2,"A")
A13: VP | B13: =COUNTIF(People!$D$2:$D$2,A13) | C13: =COUNTIFS(People!$D$2:$D$2,A13,People!$G$2:$G$2,"A")
A14: Senior Director | B14: =COUNTIF(People!$D$2:$D$2,A14) | C14: =COUNTIFS(People!$D$2:$D$2,A14,People!$G$2:$G$2,"A")
A15: Director | B15: =COUNTIF(People!$D$2:$D$2,A15) | C15: =COUNTIFS(People!$D$2:$D$2,A15,People!$G$2:$G$2,"A")
A16: Associate Director | B16: =COUNTIF(People!$D$2:$D$2,A16) | C16: =COUNTIFS(People!$D$2:$D$2,A16,People!$G$2:$G$2,"A")
A17: Head | B17: =COUNTIF(People!$D$2:$D$2,A17) | C17: =COUNTIFS(People!$D$2:$D$2,A17,People!$G$2:$G$2,"A")
A18: Senior Manager | B18: =COUNTIF(People!$D$2:$D$2,A18) | C18: =COUNTIFS(People!$D$2:$D$2,A18,People!$G$2:$G$2,"A")
A19: Manager | B19: =COUNTIF(People!$D$2:$D$2,A19) | C19: =COUNTIFS(People!$D$2:$D$2,A19,People!$G$2:$G$2,"A")
A20: Lead, owner, specialist or developer | B20: =COUNTIF(People!$D$2:$D$2,A20) | C20: =COUNTIFS(People!$D$2:$D$2,A20,People!$G$2:$G$2,"A")
A21: Total | B21: =SUM(B12:B20) | C21: =SUM(C12:C20)
A22: Meets seniority rule | B22: =COUNTIF(People!$E$2:$E$2,"Yes")
A24: Lane, senior people only | B24: A | C24: B | D24: C | E24: Total
A25: Salesforce and commercial | B25: =COUNTIFS(People!$F$2:$F$2,$A25,People!$G$2:$G$2,"A",People!$E$2:$E$2,"Yes") | C25: =COUNTIFS(People!$F$2:$F$2,$A25,People!$G$2:$G$2,"B",People!$E$2:$E$2,"Yes") | D25: =COUNTIFS(People!$F$2:$F$2,$A25,People!$G$2:$G$2,"C",People!$E$2:$E$2,"Yes") | E25: =SUM(B25:D25)
A26: Salesforce (MuleSoft and integration) | B26: =COUNTIFS(People!$F$2:$F$2,$A26,People!$G$2:$G$2,"A",People!$E$2:$E$2,"Yes") | C26: =COUNTIFS(People!$F$2:$F$2,$A26,People!$G$2:$G$2,"B",People!$E$2:$E$2,"Yes") | D26: =COUNTIFS(People!$F$2:$F$2,$A26,People!$G$2:$G$2,"C",People!$E$2:$E$2,"Yes") | E26: =SUM(B26:D26)
A27: ServiceNow and shared services | B27: =COUNTIFS(People!$F$2:$F$2,$A27,People!$G$2:$G$2,"A",People!$E$2:$E$2,"Yes") | C27: =COUNTIFS(People!$F$2:$F$2,$A27,People!$G$2:$G$2,"B",People!$E$2:$E$2,"Yes") | D27: =COUNTIFS(People!$F$2:$F$2,$A27,People!$G$2:$G$2,"C",People!$E$2:$E$2,"Yes") | E27: =SUM(B27:D27)
A28: SAP and ERP | B28: =COUNTIFS(People!$F$2:$F$2,$A28,People!$G$2:$G$2,"A",People!$E$2:$E$2,"Yes") | C28: =COUNTIFS(People!$F$2:$F$2,$A28,People!$G$2:$G$2,"B",People!$E$2:$E$2,"Yes") | D28: =COUNTIFS(People!$F$2:$F$2,$A28,People!$G$2:$G$2,"C",People!$E$2:$E$2,"Yes") | E28: =SUM(B28:D28)
A29: Veeva and life sciences systems | B29: =COUNTIFS(People!$F$2:$F$2,$A29,People!$G$2:$G$2,"A",People!$E$2:$E$2,"Yes") | C29: =COUNTIFS(People!$F$2:$F$2,$A29,People!$G$2:$G$2,"B",People!$E$2:$E$2,"Yes") | D29: =COUNTIFS(People!$F$2:$F$2,$A29,People!$G$2:$G$2,"C",People!$E$2:$E$2,"Yes") | E29: =SUM(B29:D29)
A30: Analytics, data and AI | B30: =COUNTIFS(People!$F$2:$F$2,$A30,People!$G$2:$G$2,"A",People!$E$2:$E$2,"Yes") | C30: =COUNTIFS(People!$F$2:$F$2,$A30,People!$G$2:$G$2,"B",People!$E$2:$E$2,"Yes") | D30: =COUNTIFS(People!$F$2:$F$2,$A30,People!$G$2:$G$2,"C",People!$E$2:$E$2,"Yes") | E30: =SUM(B30:D30)
A31: Technology, digital and IT leadership | B31: =COUNTIFS(People!$F$2:$F$2,$A31,People!$G$2:$G$2,"A",People!$E$2:$E$2,"Yes") | C31: =COUNTIFS(People!$F$2:$F$2,$A31,People!$G$2:$G$2,"B",People!$E$2:$E$2,"Yes") | D31: =COUNTIFS(People!$F$2:$F$2,$A31,People!$G$2:$G$2,"C",People!$E$2:$E$2,"Yes") | E31: =SUM(B31:D31)
A32: Business leadership and other | B32: =COUNTIFS(People!$F$2:$F$2,$A32,People!$G$2:$G$2,"A",People!$E$2:$E$2,"Yes") | C32: =COUNTIFS(People!$F$2:$F$2,$A32,People!$G$2:$G$2,"B",People!$E$2:$E$2,"Yes") | D32: =COUNTIFS(People!$F$2:$F$2,$A32,People!$G$2:$G$2,"C",People!$E$2:$E$2,"Yes") | E32: =SUM(B32:D32)
A33: Total | B33: =SUM(B25:B32) | C33: =SUM(C25:C32) | D33: =SUM(D25:D32) | E33: =SUM(E25:E32)

Sheet People
A1: No. | B1: Name | C1: Title as reported | D1: Level | E1: Meets seniority rule | F1: Lane | G1: Priority | H1: Former SI and consulting employers (firm and years) | I1: Found by | J1: LinkedIn | K1: Second profile | L1: Location | M1: Note | N1: Ref | O1: Source
A3: None found. The coverage tracker records what was searched and with what result.
