Workbook

Sheet Summary
A1: Zephyr Dynamics platform job postings, last 12 months (first seen 29 October 2025 to 29 October 2026)
A3: Every posting on the Zephyr Dynamics careers site first seen in the last 12 months that names a platform, pulled by 6th agents from the structured job posting feed, plus the live postings found on the careers site on 29 October 2026 that the feed did not yet hold. Open and closed postings are both included, and a posting with no date is kept. One row per posting; a reposted requisition appears once per posting.
A4: Entity: Zephyr Dynamics means a Zephyr Dynamics position. A divested business or a subsidiary that is tagged for this account shows its own label; a label that starts with Zephyr Dynamics is counted with the Zephyr Dynamics positions below, any other label is shown for completeness and left out of the counts. A posting on another website shows that site's name followed by (entity to confirm); check which business it belongs to before quoting it.
A5: Class: Build role means the platform is the job. Admin and owner role runs the platform, owns its data or governs it. Working tool means daily use. User role is everything else, including boilerplate and tool lists. Build and Admin and owner roles are confirmed by reading the whole posting; the other two come from the sentences that name the platform.
A6: What the posting says (read) is filled for roles read in full that were confirmed as Build or Admin and owner. Platform sentences shows the exact sentences where each platform is named, grouped by platform. Full description is the complete posting. Requisition is the job ID the posting prints, blank when it prints none. Link opens the posting; Archived link opens our stored copy, because closed postings disappear from careers sites. New since last research marks postings first seen after the previous research. Ref and Source code tie each row to the source register.
A7: Platforms are matched in the posting text. SAP is matched as the capitalized word SAP, S/4HANA, Ariba, SuccessFactors or Concur. Salesforce includes SFDC and the Salesforce clouds. Veeva includes Vault, PromoMats, eTMF and CTMS. A posting that names several platforms is counted once for each.
A10: Platform (named anywhere), Zephyr Dynamics positions only | B10: Total | C10: Closed | D10: Open | E10: Build role | F10: Admin and owner role | G10: Working tool | H10: User role
A11: Salesforce | B11: =COUNTIFS(Jobs!$C$2:$C$2,"*Salesforce*",Jobs!$J$2:$J$2,"Zephyr Dynamics*") | C11: =COUNTIFS(Jobs!$C$2:$C$2,"*Salesforce*",Jobs!$J$2:$J$2,"Zephyr Dynamics*",Jobs!$E$2:$E$2,"Closed") | D11: =COUNTIFS(Jobs!$C$2:$C$2,"*Salesforce*",Jobs!$J$2:$J$2,"Zephyr Dynamics*",Jobs!$E$2:$E$2,"Open") | E11: =COUNTIFS(Jobs!$C$2:$C$2,"*Salesforce*",Jobs!$J$2:$J$2,"Zephyr Dynamics*",Jobs!$D$2:$D$2,"Build role") | F11: =COUNTIFS(Jobs!$C$2:$C$2,"*Salesforce*",Jobs!$J$2:$J$2,"Zephyr Dynamics*",Jobs!$D$2:$D$2,"Admin and owner role") | G11: =COUNTIFS(Jobs!$C$2:$C$2,"*Salesforce*",Jobs!$J$2:$J$2,"Zephyr Dynamics*",Jobs!$D$2:$D$2,"Working tool") | H11: =COUNTIFS(Jobs!$C$2:$C$2,"*Salesforce*",Jobs!$J$2:$J$2,"Zephyr Dynamics*",Jobs!$D$2:$D$2,"User role")
A12: MuleSoft | B12: =COUNTIFS(Jobs!$C$2:$C$2,"*MuleSoft*",Jobs!$J$2:$J$2,"Zephyr Dynamics*") | C12: =COUNTIFS(Jobs!$C$2:$C$2,"*MuleSoft*",Jobs!$J$2:$J$2,"Zephyr Dynamics*",Jobs!$E$2:$E$2,"Closed") | D12: =COUNTIFS(Jobs!$C$2:$C$2,"*MuleSoft*",Jobs!$J$2:$J$2,"Zephyr Dynamics*",Jobs!$E$2:$E$2,"Open") | E12: =COUNTIFS(Jobs!$C$2:$C$2,"*MuleSoft*",Jobs!$J$2:$J$2,"Zephyr Dynamics*",Jobs!$D$2:$D$2,"Build role") | F12: =COUNTIFS(Jobs!$C$2:$C$2,"*MuleSoft*",Jobs!$J$2:$J$2,"Zephyr Dynamics*",Jobs!$D$2:$D$2,"Admin and owner role") | G12: =COUNTIFS(Jobs!$C$2:$C$2,"*MuleSoft*",Jobs!$J$2:$J$2,"Zephyr Dynamics*",Jobs!$D$2:$D$2,"Working tool") | H12: =COUNTIFS(Jobs!$C$2:$C$2,"*MuleSoft*",Jobs!$J$2:$J$2,"Zephyr Dynamics*",Jobs!$D$2:$D$2,"User role")
A13: ServiceNow | B13: =COUNTIFS(Jobs!$C$2:$C$2,"*ServiceNow*",Jobs!$J$2:$J$2,"Zephyr Dynamics*") | C13: =COUNTIFS(Jobs!$C$2:$C$2,"*ServiceNow*",Jobs!$J$2:$J$2,"Zephyr Dynamics*",Jobs!$E$2:$E$2,"Closed") | D13: =COUNTIFS(Jobs!$C$2:$C$2,"*ServiceNow*",Jobs!$J$2:$J$2,"Zephyr Dynamics*",Jobs!$E$2:$E$2,"Open") | E13: =COUNTIFS(Jobs!$C$2:$C$2,"*ServiceNow*",Jobs!$J$2:$J$2,"Zephyr Dynamics*",Jobs!$D$2:$D$2,"Build role") | F13: =COUNTIFS(Jobs!$C$2:$C$2,"*ServiceNow*",Jobs!$J$2:$J$2,"Zephyr Dynamics*",Jobs!$D$2:$D$2,"Admin and owner role") | G13: =COUNTIFS(Jobs!$C$2:$C$2,"*ServiceNow*",Jobs!$J$2:$J$2,"Zephyr Dynamics*",Jobs!$D$2:$D$2,"Working tool") | H13: =COUNTIFS(Jobs!$C$2:$C$2,"*ServiceNow*",Jobs!$J$2:$J$2,"Zephyr Dynamics*",Jobs!$D$2:$D$2,"User role")
A14: SAP | B14: =COUNTIFS(Jobs!$C$2:$C$2,"*SAP*",Jobs!$J$2:$J$2,"Zephyr Dynamics*") | C14: =COUNTIFS(Jobs!$C$2:$C$2,"*SAP*",Jobs!$J$2:$J$2,"Zephyr Dynamics*",Jobs!$E$2:$E$2,"Closed") | D14: =COUNTIFS(Jobs!$C$2:$C$2,"*SAP*",Jobs!$J$2:$J$2,"Zephyr Dynamics*",Jobs!$E$2:$E$2,"Open") | E14: =COUNTIFS(Jobs!$C$2:$C$2,"*SAP*",Jobs!$J$2:$J$2,"Zephyr Dynamics*",Jobs!$D$2:$D$2,"Build role") | F14: =COUNTIFS(Jobs!$C$2:$C$2,"*SAP*",Jobs!$J$2:$J$2,"Zephyr Dynamics*",Jobs!$D$2:$D$2,"Admin and owner role") | G14: =COUNTIFS(Jobs!$C$2:$C$2,"*SAP*",Jobs!$J$2:$J$2,"Zephyr Dynamics*",Jobs!$D$2:$D$2,"Working tool") | H14: =COUNTIFS(Jobs!$C$2:$C$2,"*SAP*",Jobs!$J$2:$J$2,"Zephyr Dynamics*",Jobs!$D$2:$D$2,"User role")
A15: Tableau | B15: =COUNTIFS(Jobs!$C$2:$C$2,"*Tableau*",Jobs!$J$2:$J$2,"Zephyr Dynamics*") | C15: =COUNTIFS(Jobs!$C$2:$C$2,"*Tableau*",Jobs!$J$2:$J$2,"Zephyr Dynamics*",Jobs!$E$2:$E$2,"Closed") | D15: =COUNTIFS(Jobs!$C$2:$C$2,"*Tableau*",Jobs!$J$2:$J$2,"Zephyr Dynamics*",Jobs!$E$2:$E$2,"Open") | E15: =COUNTIFS(Jobs!$C$2:$C$2,"*Tableau*",Jobs!$J$2:$J$2,"Zephyr Dynamics*",Jobs!$D$2:$D$2,"Build role") | F15: =COUNTIFS(Jobs!$C$2:$C$2,"*Tableau*",Jobs!$J$2:$J$2,"Zephyr Dynamics*",Jobs!$D$2:$D$2,"Admin and owner role") | G15: =COUNTIFS(Jobs!$C$2:$C$2,"*Tableau*",Jobs!$J$2:$J$2,"Zephyr Dynamics*",Jobs!$D$2:$D$2,"Working tool") | H15: =COUNTIFS(Jobs!$C$2:$C$2,"*Tableau*",Jobs!$J$2:$J$2,"Zephyr Dynamics*",Jobs!$D$2:$D$2,"User role")
A16: Veeva | B16: =COUNTIFS(Jobs!$C$2:$C$2,"*Veeva*",Jobs!$J$2:$J$2,"Zephyr Dynamics*") | C16: =COUNTIFS(Jobs!$C$2:$C$2,"*Veeva*",Jobs!$J$2:$J$2,"Zephyr Dynamics*",Jobs!$E$2:$E$2,"Closed") | D16: =COUNTIFS(Jobs!$C$2:$C$2,"*Veeva*",Jobs!$J$2:$J$2,"Zephyr Dynamics*",Jobs!$E$2:$E$2,"Open") | E16: =COUNTIFS(Jobs!$C$2:$C$2,"*Veeva*",Jobs!$J$2:$J$2,"Zephyr Dynamics*",Jobs!$D$2:$D$2,"Build role") | F16: =COUNTIFS(Jobs!$C$2:$C$2,"*Veeva*",Jobs!$J$2:$J$2,"Zephyr Dynamics*",Jobs!$D$2:$D$2,"Admin and owner role") | G16: =COUNTIFS(Jobs!$C$2:$C$2,"*Veeva*",Jobs!$J$2:$J$2,"Zephyr Dynamics*",Jobs!$D$2:$D$2,"Working tool") | H16: =COUNTIFS(Jobs!$C$2:$C$2,"*Veeva*",Jobs!$J$2:$J$2,"Zephyr Dynamics*",Jobs!$D$2:$D$2,"User role")
A17: Workday | B17: =COUNTIFS(Jobs!$C$2:$C$2,"*Workday*",Jobs!$J$2:$J$2,"Zephyr Dynamics*") | C17: =COUNTIFS(Jobs!$C$2:$C$2,"*Workday*",Jobs!$J$2:$J$2,"Zephyr Dynamics*",Jobs!$E$2:$E$2,"Closed") | D17: =COUNTIFS(Jobs!$C$2:$C$2,"*Workday*",Jobs!$J$2:$J$2,"Zephyr Dynamics*",Jobs!$E$2:$E$2,"Open") | E17: =COUNTIFS(Jobs!$C$2:$C$2,"*Workday*",Jobs!$J$2:$J$2,"Zephyr Dynamics*",Jobs!$D$2:$D$2,"Build role") | F17: =COUNTIFS(Jobs!$C$2:$C$2,"*Workday*",Jobs!$J$2:$J$2,"Zephyr Dynamics*",Jobs!$D$2:$D$2,"Admin and owner role") | G17: =COUNTIFS(Jobs!$C$2:$C$2,"*Workday*",Jobs!$J$2:$J$2,"Zephyr Dynamics*",Jobs!$D$2:$D$2,"Working tool") | H17: =COUNTIFS(Jobs!$C$2:$C$2,"*Workday*",Jobs!$J$2:$J$2,"Zephyr Dynamics*",Jobs!$D$2:$D$2,"User role")
A19: Rows on the Jobs sheet (all entities) | B19: =COUNTA(Jobs!$B$2:$B$2)
A20: Rows that are Zephyr Dynamics positions | B20: =COUNTIF(Jobs!$J$2:$J$2,"Zephyr Dynamics*")
A21: Rows that are other entities (a divested business or another website) | B21: =COUNTA(Jobs!$B$2:$B$2)-COUNTIF(Jobs!$J$2:$J$2,"Zephyr Dynamics*")

Sheet Jobs
A1: Requisition | B1: Title | C1: Platforms named | D1: Class | E1: Status | F1: First seen | G1: Last seen | H1: Location | I1: Seniority | J1: Entity | K1: What the posting says (read) | L1: Platform sentences | M1: Full description | N1: Link | O1: Archived link | P1: New since last research | Q1: Ref | R1: Source code
A3: None found. The coverage tracker records what was searched and with what result.

Sheet Counts
A1: Count | B1: Value | C1: Base
A2: Postings in this file | B2: =COUNTA('Jobs'!Q2:Q2) | C2: postings listed on the Jobs sheet
A3: Postings in this file with status Open | B3: =COUNTIF('Jobs'!E2:E2,"Open") | C3: postings listed on the Jobs sheet
A4: Postings in this file with status Closed | B4: =COUNTIF('Jobs'!E2:E2,"Closed") | C4: postings listed on the Jobs sheet
A5: Postings not listed (no posting link) | B5: 0 | C5: postings recorded for this run
A6: Records pulled | B6: 11 | C6: raw records returned before dedupe
A7: Distinct postings | B7: 1 | C7: records pulled, after dedupe
A8: Postings analysed | B8: 1 | C8: distinct postings in the 12 month window or undated
A9: Undated postings analysed | B9: 0 | C9: postings analysed
A10: Postings outside the window | B10: 0 | C10: distinct postings
A11: Postings naming a platform | B11: 1 | C11: postings analysed
A12: Matched postings read | B12: 0 | C12: postings naming a platform
A13: Read postings open | B13: 0 | C13: matched postings read
A14: Read postings closed | B14: 0 | C14: matched postings read
A15: Read postings classed admin owner | B15: 0 | C15: matched postings read
A16: Read postings classed build | B16: 0 | C16: matched postings read
... A19: Read postings classed working tool | B19: 0 | C19: matched postings read
A21: 0 postings read of 1 matched (0 open and 0 closed of the 0 read)
A22: AWS: 0 postings read of 0 matched (0 open and 0 closed of the 0 read)
A23: Airflow: 0 postings read of 0 matched (0 open and 0 closed of the 0 read)
A24: Apache Spark: 0 postings read of 0 matched (0 open and 0 closed of the 0 read)
A25: Azure: 0 postings read of 0 matched (0 open and 0 closed of the 0 read)
A26: Azure Data Factory: 0 postings read of 0 matched (0 open and 0 closed of the 0 read)
A27: Azure OpenAI: 0 postings read of 0 matched (0 open and 0 closed of the 0 read)
A28: Azure Synapse: 0 postings read of 0 matched (0 open and 0 closed of the 0 read)
A29: BigQuery: 0 postings read of 0 matched (0 open and 0 closed of the 0 read)
A30: Generative AI: 0 postings read of 0 matched (0 open and 0 closed of the 0 read)
A31: Google Cloud: 0 postings read of 0 matched (0 open and 0 closed of the 0 read)
A32: Informatica: 0 postings read of 0 matched (0 open and 0 closed of the 0 read)
... A54: dbt: 0 postings read of 0 matched (0 open and 0 closed of the 0 read)

Sheet Long text
A1: Ref | B1: Column | C1: Part | D1: Of | E1: Text
